{
  "Author": "Shotoff Cool",
  "Compatibility": "Compatible",
  "DefuserDifficulty": "VeryEasy",
  "Description": "Select the correct combination of ports. Tags: 7-buttons, white-buttons, submit",
  "ExpertDifficulty": "Medium",
  "ModuleID": "portCheck",
  "Name": "Port Check",
  "Origin": "Mods",
  "Published": "2024-08-13",
  "SortKey": "PORTCHECK",
  "SourceUrl": "https://github.com/ShotoffCool/ktaneportchecker",
  "SteamID": "3308468395",
  "Symbol": "Pch",
  "Type": "Regular"
}